:adgu
Aditia Gunawan|aditia.gunawan@efeo.net
aditiagunawan|you@example.com
Aditia Gunawan|you@example.com

:axja
ajaniak|33328906+ajaniak@users.noreply.github.com
ajaniak|axelle.janiak@ehess.fr
ajaniak|axelle.janiak@enc-sorbonne.fr
Axelle Janiak|axelle@MacBook-Pro-de-Axelle.local

:adle
alevivier|55530405+alevivier@users.noreply.github.com

:amwb
amandinebricout|amandine.bricout@gmail.com

:anac
andreaacri|a.acri81@gmail.com

:anol
Andrew Ollett|andrew.ollett@gmail.com

:ansc
AnneSchmiedchen|55530704+AnneSchmiedchen@users.noreply.github.com

:argr
arlogriffiths|arlo.griffiths@efeo.net
Arlo Griffiths|arlo.griffiths@efeo.net

:????
chchch|cchl2@cam.ac.uk

:kuch
CHHOM Kunthea|kunthea@MacBook-Air-de-CHHOM.local
kunthea|kchhom@yahoo.com

:chch
Chloé|chloe.chollet@efeo.net

:cski
csabakissgit|csabakissgit@github.com

:daba
danbalogh|31253927+danbalogh@users.noreply.github.com

:dogo
Dominic Goodall|dominic.goodall@efeo-pondicherry.org

:ekba
ekobastiawan|55530067+ekobastiawan@users.noreply.github.com
ekobastiawan|ekobastiawan@yahoo.com

:flde
Florinda De Simini|55530098+FlorindaDS@users.noreply.github.com

:ilnu
ilhamkang|ilhamnurwansah@gmail.com

:jeth
jensthomas|55530245+jensthomas@users.noreply.github.com
jensthomas|jens.c.thomas@gmail.com

:????
maltenth|th.malten@gmail.com

:emfr
manufrancis|manufrancis@gmail.com
ManuFrancis|manufrancis@gmail.com

:masc
Marine|immarine.s@gmail.com
marine.schoettel@efeo.net|marineschoettel@MBP.local
Marine Schoettel|marine.schoettel@efeo.net
Marine Schoettel|marineschoettel@Marines-MacBook-Pro.local
m-schoettel|immarine.s@gmail.com
m-schoettel|marineschoettel@Marines-MacBook-Pro.local
m-schoettel|marineschoettel@MBP.local

:mime
Michaël Meyer|michaelnm.meyer@gmail.com

:nabo
NatasjaSB|55432791+NatasjaSB@users.noreply.github.com
Natasja|Sloot_Bosma@iCloud.com

:nlsy
nicholaslua|102793093+nicholaslua@users.noreply.github.com

:nimi
nmirnig|55577877+nmirnig@users.noreply.github.com

:nuha
nurmaliahabibah|nurmalia.habibah@mail.ugm.ac.id

:rozo
RobertaGitHub|79853724+RobertaGitHub@users.noreply.github.com

:ryfu
ryosukefurui|55530068+ryosukefurui@users.noreply.github.com
ryosukefurui|rfurui@hotmail.com

:sapi
salomepichon|salome.pichon@wanadoo.fr

:sagu
samana218|108796921+samana218@users.noreply.github.com
samana218|samana.218@gmail.com
Samana Gururaja|samanag@Samanas-MacBook-Air-9.local

:doso
Soutif|dominique.soutif@gmail.com

:tilu
Tim Lubin|lubint@wlu.edu
Tim|lubint@wlu.edu

:vito
tourniervincent|tourniervincent@yahoo.fr
Vincent Tournier|tournievincent@yahoo.fr

:tykd
tyassanti|tyassantikd@gmail.com

:utve
UthayaVeluppillai|55530189+UthayaVeluppillai@users.noreply.github.com
Uthaya Veluppillai|uthaya.veluppillai@inalco.fr

:vagi
valeriegillet|55530679+valeriegillet@users.noreply.github.com
Valérie Gillet|valerie.gillet@gmail.com

:wjsa
wayanjarrah|40281167+wayanjarrah@users.noreply.github.com

:zapa
zakariyaaminullah|zakariya.aminullah@gmail.com
Zakariya Pamuji Aminullah|zakariyapamujiaminullah@192.168.1.11
Zakariya Pamuji Aminullah|zakariyapamujiaminullah@1f291a3b-5e9d-4ee2-81b9-b4ed3473877d.fritz.box
Zakariya Pamuji Aminullah|zakariyapamujiaminullah@7252a23a-fe03-4f13-9f14-cc754b6f30b7.fritz.box
Zakariya Pamuji Aminullah|zakariyapamujiaminullah@Air-Zakariya.fritz.box
Zakariya Pamuji Aminullah|zakariyapamujiaminullah@dhcp-172-21-92-0.wlan.uni-hamburg.de.local
Zakariya Pamuji Aminullah|zakariyapamujiaminullah@MacBook-Air-Zakariya.fritz.box
Zakariya Pamuji Aminullah|zakariyapamujiaminullah@MacBook-Air-Zakariya.local
Zakariya Pamuji Aminullah|zakariyapamujiaminullah@pc-76-19.customer.ask4.lan
